Workbook

Sheet Uebersicht
A1: Tabellarische Auswertung der Ergebnisse und Metriken
A2: Bereich | B2: Beschreibung | C2: Wert | D2: Hinweis
A3: Projekt | B3: AI-assisted Requirements & User Stories Generator | C3: Dokumentationsprojekt | D3: Fokus auf Requirements Engineering, User Stories und Prompt-Vergleich
A4: Anwendungsideen | B4: Simple To-do List und Student Task Manager | C4: 2 | D4: Unterschiedliche Komplexität: niedrig und mittel
A5: KI-Tools | B5: ChatGPT und Gemini | C5: 2 | D5: Beide Tools wurden mit vergleichbaren Prompts getestet
A6: Prompt-Strategien | B6: Simple, Structured, Iterative | C6: 3 | D6: Iterativ bedeutet drei aufeinanderfolgende Prompts
A7: Vergleichsmethode | B7: KI-Ergebnisse wurden mit manueller Baseline verglichen | C7: qualitativ | D7: Bewertung anhand fester Kriterien
A8: Zentrale Erkenntnis | B8: KI liefert deutlich ausführlichere Ergebnisse als die Baseline | C8: hilfreich | D8: Ergebnisse müssen fachlich geprüft und eingegrenzt werden
A9: Stärkster Prompt | B9: Iterative Prompt | C9: beste Vollständigkeit | D9: Teilweise aber zu großer Projektumfang
A10: Stärke ChatGPT | B10: Viele praktische Erweiterungen und breite User Stories | C10: Ideenbreite | D10: Besonders stark im iterativen Prompt
A11: Stärke Gemini | B11: Formale Struktur, Qualitätsaspekte, Datenschutz, Barrierefreiheit | C11: Struktur | D11: Teilweise sehr technische Vorgaben
A12: Hinweis zu Zahlen | B12: Die Metriken wurden aus den Markdown-Dokumenten gezählt bzw. zusammengefasst. | C12: Auswertung | D12: Bei strukturierten Dokumenten wurden Hauptanforderungen gezählt, nicht jedes einzelne Datenfeld.

Sheet Metriken
A1: Anwendungsidee | B1: Quelle | C1: Prompt-Art | D1: Turns | E1: FR | F1: NFR | G1: User Stories | H1: Akzeptanzkriterien | I1: Priorisierung | J1: Umfang | K1: Gesamtbewertung | L1: Kommentar
A2: Simple To-do List | B2: Manuelle Baseline | C2: Baseline | D2: 0 | E2: 5 | F2: 0 | G2: 4 | H2: Nein | I2: Nein | J2: knapp | K2: Basis | L2: Enthält die wichtigsten Kernfunktionen, aber keine NFR oder Akzeptanzkriterien.
A3: Simple To-do List | B3: ChatGPT | C3: Simple | D3: 1 | E3: 6 | F3: 4 | G3: 6 | H3: Ja | I3: MVP | J3: mittel | K3: gut | L3: Brauchbar und verständlich, ergänzt Filter und Local Storage.
A4: Simple To-do List | B4: ChatGPT | C4: Structured | D4: 1 | E4: 10 | F4: 8 | G4: 10 | H4: Ja | I4: Erweiterungen | J4: umfangreich | K4: sehr gut | L4: Klar gegliedert mit funktionalen und nicht-funktionalen Requirements.
A5: Simple To-do List | B5: ChatGPT | C5: Iterative | D5: 3 | E5: 0 | F5: 0 | G5: 17 | H5: Ja | I5: Nein | J5: sehr umfangreich | K5: sehr gut | L5: Viele User Stories und Akzeptanzkriterien, teilweise über MVP hinaus.
A6: Simple To-do List | B6: Gemini | C6: Simple | D6: 1 | E6: 8 | F6: 3 | G6: 5 | H6: Ja | I6: Nein | J6: mittel | K6: gut | L6: Strukturiert, mit Fokus auf Validierung, Performance und lokaler Speicherung.
A7: Simple To-do List | B7: Gemini | C7: Structured | D7: 1 | E7: 8 | F7: 7 | G7: 5 | H7: Ja | I7: Optional | J7: umfangreich | K7: sehr gut | L7: Formales SRS mit Barrierefreiheit, Performance und Datenschutz.
A8: Simple To-do List | B8: Gemini | C8: Iterative | D8: 3 | E8: 12 | F8: 11 | G8: 6 | H8: Ja | I8: Nein | J8: sehr umfangreich | K8: gut, aber zu detailliert | L8: Sehr detaillierte Qualitätsanforderungen, teilweise zu technisch für eine einfache App.
A9: Student Task Manager | B9: Manuelle Baseline | C9: Baseline | D9: 0 | E9: 7 | F9: 0 | G9: 5 | H9: Nein | I9: Nein | J9: knapp | K9: Basis | L9: Grundfunktionen vorhanden, aber keine NFR, Akzeptanzkriterien oder technische Details.
A10: Student Task Manager | B10: ChatGPT | C10: Simple | D10: 1 | E10: 14 | F10: 5 | G10: 13 | H10: Ja | I10: Nein | J10: umfangreich | K10: gut | L10: Ergänzt Login, Kursverwaltung, Erinnerungen und Deadline-Warnungen.
A11: Student Task Manager | B11: ChatGPT | C11: Structured | D11: 1 | E11: 16 | F11: 13 | G11: 13 | H11: Teilweise | I11: Nein | J11: umfangreich | K11: sehr gut | L11: Gute Trennung von FR, NFR und User Stories.
A12: Student Task Manager | B12: ChatGPT | C12: Iterative | D12: 3 | E12: 0 | F12: 0 | G12: 39 | H12: Nein | I12: Nein | J12: sehr umfangreich | K12: gut, aber zu breit | L12: Sehr viele User Stories, aber keine vollständige erneute Requirements-Struktur.
A13: Student Task Manager | B13: Gemini | C13: Simple | D13: 1 | E13: 8 | F13: 4 | G13: 6 | H13: Ja | I13: Ja | J13: umfangreich | K13: gut | L13: Bereits im Simple Prompt mit Prioritäten und Akzeptanzkriterien.
... A15: Student Task Manager | B15: Gemini | C15: Iterative | D15: 3 | E15: 16 | F15: 7 | G15: 9 | H15: Ja | I15: Nein | J15: sehr umfangreich | K15: gut, aber zu technisch | L15: Sehr formal und vollständig, aber mit OAuth, TLS, Offline-First und Cloud-Synchronisation recht groß.

Sheet Bewertung
A1: Kriterium | B1: Manuelle Baseline | C1: ChatGPT | D1: Gemini | E1: Bewertung
A2: Abdeckung | B2: Grundfunktionen vorhanden | C2: Deckt Kernfunktionen ab und ergänzt viele Features | D2: Deckt Kernfunktionen ab und ergänzt Qualitätsaspekte | E2: KI-Ergebnisse sind vollständiger als die Baseline
A3: Nicht-funktionale Requirements | B3: Nicht separat ausgearbeitet | C3: Enthält Usability, Performance, Sicherheit, Responsiveness | D3: Stark bei Barrierefreiheit, Datenschutz, Performance und Sicherheit | E3: Gemini ist hier meist formaler
A4: User Stories | B4: Einfach und verständlich | C4: Sehr viele und ausführliche User Stories | D4: Strukturierte User Stories mit Akzeptanzkriterien | E4: ChatGPT liefert mehr Breite, Gemini mehr Formalität
A5: Mehrwert | B5: Kaum Zusatzfunktionen | C5: Prioritäten, Filter, Kalender, Erinnerungen, Dashboard | D5: Barrierefreiheit, Datenschutz, Validierung, Synchronisation | E5: KI erkennt viele Punkte, die in der Baseline fehlen
A6: Risiko | B6: Zu knapp | C6: Teilweise zu breiter Funktionsumfang | D6: Teilweise zu technische Vorgaben | E6: Menschliche Prüfung bleibt notwendig
A7: Bester Prompt | B7: Nicht zutreffend | C7: Iterative Prompt für viele User Stories | D7: Structured/Iterative Prompt für formale Vollständigkeit | E7: Structured und Iterative liefern die besten Ergebnisse
A8: Gesamtfazit | B8: Guter Startpunkt | C8: Hilfreich für Ideenfindung | D8: Hilfreich für Struktur und Qualität | E8: KI unterstützt Requirements Engineering, ersetzt aber keine fachliche Prüfung

Sheet Feature-Matrix
A1: Feature / Aspekt | B1: Anwendungsidee | C1: Baseline | D1: ChatGPT | E1: Gemini | F1: Bewertung | G1: Kommentar
A2: Aufgaben erstellen | B2: beide | C2: Ja | D2: Ja | E2: Ja | F2: Must-have | G2: Kernfunktion in allen Ergebnissen vorhanden
A3: Aufgaben bearbeiten/löschen | B3: beide | C3: Ja | D3: Ja | E3: Ja | F3: Must-have | G3: Alle Versionen decken CRUD-Grundfunktionen ab
A4: Erledigt markieren | B4: beide | C4: Ja | D4: Ja | E4: Ja | F4: Must-have | G4: Teilweise ergänzt um Wiederöffnen/Reaktivieren
A5: Filter und Sortierung | B5: beide | C5: Teilweise | D5: Ja | E5: Ja | F5: Sinnvoll | G5: KI ergänzt mehr Organisationsfunktionen als die Baseline
A6: Fälligkeitsdatum | B6: beide | C6: Nur StudentTaskM. | D6: Ja | E6: Ja | F6: Sinnvoll | G6: Für To-do als Erweiterung, für Student Task Manager zentral
A7: Kursverwaltung | B7: Student Task Manager | C7: Teilweise | D7: Ja | E7: Ja | F7: Sinnvoll | G7: KI arbeitet Kurse stärker aus, z. B. Farben, Archivierung, Bearbeitung
A8: Login / Benutzerkonto | B8: Student Task Manager | C8: Nein | D8: Ja | E8: Ja | F8: Optional | G8: Sinnvoll, aber für eine einfache App eventuell zu groß
A9: Erinnerungen | B9: Student Task Manager | C9: Nein | D9: Ja | E9: Ja | F9: Sinnvoll | G9: Wichtiger Mehrwert gegenüber der Baseline
A10: Kalenderansicht | B10: Student Task Manager | C10: Nein | D10: Ja | E10: Ja | F10: Erweiterung | G10: Hilfreich, aber nicht zwingend für MVP
A11: Barrierefreiheit | B11: beide | C11: Nein | D11: Teilweise | E11: Ja | F11: Qualitätsaspekt | G11: Besonders bei Gemini deutlich ausgearbeitet
A12: Datenschutz / Sicherheit | B12: beide | C12: Nein | D12: Teilweise | E12: Ja | F12: Qualitätsaspekt | G12: Gemini ergänzt häufiger konkrete Sicherheits- und Datenschutzvorgaben
... A14: Akzeptanzkriterien | B14: beide | C14: Nein | D14: Ja | E14: Ja | F14: Sehr hilfreich | G14: Macht Anforderungen konkreter und besser prüfbar

Sheet Legende
A1: Begriff | B1: Bedeutung | C1: Hinweis zur Auswertung
A2: FR | B2: Functional Requirement | C2: Funktionale Anforderung, also eine konkrete Systemfunktion
A3: NFR | B3: Non-Functional Requirement | C3: Qualitätsanforderung, z. B. Usability, Performance, Sicherheit oder Datenschutz
A4: User Story | B4: Anforderung aus Nutzersicht | C4: Typisch im Format: Als Benutzer möchte ich ..., damit ...
A5: Akzeptanzkriterien | B5: Prüfbare Bedingungen | C5: Zeigen, wann eine User Story oder Anforderung als erfüllt gilt
A6: Turns | B6: Anzahl der Prompt-Schritte | C6: Simple und Structured = 1 Turn, Iterative = 3 Turns
A7: Baseline | B7: Manuell erstellter Vergleichspunkt | C7: Wurde ohne KI-Unterstützung erstellt und dient als Referenz
A8: Zählweise | B8: Manuell aus Dokumenten abgeleitet | C8: Bei verschachtelten Listen wurden nur Hauptanforderungen gezählt; dadurch sind Zahlen als Auswertungsmetriken und nicht als exakte Code-Metriken zu verstehen.

Sheet Kennzahlen
A1: Konkrete Metriken / Kennzahlen
A2: Metrik | B2: Baseline | C2: ChatGPT | D2: Gemini | E2: Gesamt | F2: Bedeutung
A3: Anzahl Anwendungsideen | B3: 2 | C3: 2 | D3: 2 | E3: 2 | F3: Simple To-do List und Student Task Manager
A4: Anzahl Prompt-Strategien | B4: - | C4: 3 | D4: 3 | E4: 3 | F4: Simple, Structured und Iterative Prompt
A5: Ausgewertete KI-Ergebnisse | B5: 0 | C5: 6 | D5: 6 | E5: =SUM(C5:D5) -> 12 | F5: 2 Anwendungsideen x 3 Prompt-Arten x 2 KI-Tools
A6: Manuelle Baselines | B6: 2 | C6: 0 | D6: 0 | E6: =SUM(B6:D6) -> 2 | F6: Eine Baseline je Anwendungsidee
A7: Summe dokumentierte Turns | B7: 0 | C7: 10 | D7: 10 | E7: =SUM(B7:D7) -> 20 | F7: Simple/Structured jeweils 1 Turn, Iterative jeweils 3 Turns
A8: FR Baseline gesamt | B8: =SUM(Metriken!E2,Metriken!E9) -> 12 | C8: - | D8: - | E8: =SUM(B8:D8) -> 12 | F8: 5 To-do + 7 Student Task Manager
A9: User Stories Baseline gesamt | B9: =SUM(Metriken!G2,Metriken!G9) -> 9 | C9: - | D9: - | E9: =SUM(B9:D9) -> 9 | F9: 4 To-do + 5 Student Task Manager
A10: ChatGPT: gezählte FR | B10: - | C10: =SUM(Metriken!E3:E5,Metriken!E10:E12) -> 46 | D10: - | E10: =SUM(B10:D10) -> 46 | F10: Nur Ergebnisse mit separat gezählten FR; iterative ChatGPT-Ergebnisse enthalten teilweise keine separate FR-Struktur
A11: Gemini: gezählte FR | B11: - | C11: - | D11: =SUM(Metriken!E6:E8,Metriken!E13:E15) -> 64 | E11: =SUM(B11:D11) -> 64 | F11: Gemini trennt FR meist klarer und formaler
A12: ChatGPT: gezählte NFR | B12: - | C12: =SUM(Metriken!F3:F5,Metriken!F10:F12) -> 30 | D12: - | E12: =SUM(B12:D12) -> 30 | F12: NFR in Simple und Structured stärker sichtbar als in manchen iterativen Ergebnissen
A13: Gemini: gezählte NFR | B13: - | C13: - | D13: =SUM(Metriken!F6:F8,Metriken!F13:F15) -> 40 | E13: =SUM(B13:D13) -> 40 | F13: Gemini berücksichtigt Qualitätsaspekte wie Usability, Performance, Datenschutz und Barrierefreiheit stärker
A14: ChatGPT: User Stories gesamt | B14: - | C14: =SUM(Metriken!G3:G5,Metriken!G10:G12) -> 98 | D14: - | E14: =SUM(B14:D14) -> 98 | F14: ChatGPT liefert besonders viele User Stories, vor allem beim iterativen Prompt
A15: Gemini: User Stories gesamt | B15: - | C15: - | D15: =SUM(Metriken!G6:G8,Metriken!G13:G15) -> 40 | E15: =SUM(B15:D15) -> 40 | F15: Gemini liefert weniger User Stories, dafür oft mit detaillierten Akzeptanzkriterien
A16: Ergebnisse mit Akzeptanzkriterien | B16: 0 | C16: 4 | D16: 5 | E16: =SUM(B16:D16) -> 9 | F16: Akzeptanzkriterien erhöhen die Prüfbarkeit der User Stories
A17: Ergebnisse mit Priorisierung/MVP | B17: 0 | C17: 2 | D17: 2 | E17: =SUM(B17:D17) -> 4 | F17: Priorisierung wurde nicht durchgehend erzeugt, ist aber hilfreich für Projektumfang
A18: Wichtig | B18: Zählwerte | C18: manuell | D18: qualitativ | E18: nicht exakt | F18: Die Zahlen dienen als Auswertungsmetriken. Bei verschachtelten Anforderungen wurden Hauptpunkte gezählt.
A19: Interpretation | B19: Baseline knapp | C19: ChatGPT breit | D19: Gemini formal | E19: KI hilfreich | F19: Die Metriken zeigen, dass KI deutlich mehr Struktur und Zusatzaspekte liefert als die manuelle Baseline.
